robot,klass,t_bin,value
R01,NoNose,0,425.2468198828991
R01,NoNose,1,430.55820829418747
R01,NoNose,2,432.4306452913894
R01,NoNose,3,428.77356609350494
R01,NoNose,4,427.74142120331777
R01,NoNose,5,414.9659326477112
R01,NoNose,6,416.5427303891914
R01,NoNose,7,416.0218781518952
R01,NoNose,8,421.9589645513378
R01,NoNose,9,417.49226041416256
R01,NoNose,10,417.6019316970587
R01,NoNose,11,429.46741186999805
R01,NoNose,12,419.8005205263808
R01,NoNose,13,414.7553154671727
R01,NoNose,14,416.4255108572966
R01,NoNose,15,414.3930287950638
R01,NoNose,16,420.14411978221415
R01,NoNose,17,417.4249072393628
R01,NoNose,18,416.2462720918676
R01,NoNose,19,422.6520505286204
R01,NoNose,20,427.3556303253499
R01,NoNose,21,426.3044003826771
R01,NoNose,22,429.9345482960274
R01,NoNose,23,433.18511796733213
R01,NoNose,24,431.24002332760955
R01,NoNose,25,425.32530930097386
R01,NoNose,26,427.04685591493103
R01,NoNose,27,430.21856764810786
R01,NoNose,28,427.5230370240778
R01,NoNose,29,427.31808027902537
R01,NoNose,30,428.39705528188284
R01,NoNose,31,429.7233602870729
R01,NoNose,32,432.11815325097865
R01,NoNose,33,424.06739796807653
R01,NoNose,34,420.9070661186966
R01,NoNose,35,419.4134536592919
R01,NoNose,36,418.2919945465885
R01,NoNose,37,415.79767950186925
R01,NoNose,38,407.82987631333066
R01,NoNose,39,402.10341284593574
R01,NoNose,40,403.7036863060506
R01,NoNose,41,397.75041511825543
R01,NoNose,42,399.01727864340126
R01,NoNose,43,394.4452078472042
R01,NoNose,44,395.56964131686277
R01,NoNose,45,400.7463842076456
R01,NoNose,46,400.26360173855727
R01,NoNose,47,400.6747548042309
R01,NoNose,48,401.56158451555
R01,NoNose,49,404.4103634132471
R01,NoNose,50,403.8117850661136
R01,NoNose,51,407.0478402095087
R01,NoNose,52,408.74025304197716
R01,NoNose,53,407.3685973612656
R01,NoNose,54,406.5474424567165
R01,NoNose,55,406.3484274144761
R01,NoNose,56,408.92422334836044
R01,NoNose,57,402.7136656325366
R01,NoNose,58,407.5645990695129
R01,NoNose,59,402.22215461716956
R01,NoNose,60,404.58914067705416
R01,NoNose,61,402.40414957405363
R01,NoNose,62,402.2099574436648
R01,NoNose,63,403.4653246733102
R01,NoNose,64,405.4754479665283
R01,NoNose,65,411.1116371388241
R01,NoNose,66,412.4781213914932
R01,NoNose,67,413.23860925534547
R01,NoNose,68,436.8462891842138
R01,NoNose,69,438.73752214311196
R01,NoNose,70,437.9339483103721
R01,NoNose,71,433.66960899891933
R01,NoNose,72,436.57092519209465
R01,NoNose,73,434.9070079105007
R01,NoNose,74,431.91749848759827
R01,NoNose,75,445.5709481320401
R01,NoNose,76,444.01148612536457
R01,NoNose,77,430.69794180049854
R01,NoNose,78,442.74327012086667
R01,NoNose,79,439.3776319280078
R01,NoNose,80,431.3115843429636
R01,NoNose,81,439.5405983410711
R01,NoNose,82,429.8417397980904
R01,NoNose,83,428.03561582394997
R01,NoNose,84,426.0837837742012
R01,NoNose,85,428.472423308606
R01,NoNose,86,425.84340824716594
R01,NoNose,87,430.1708809581223
R01,NoNose,88,440.81309008197775
R01,NoNose,89,437.66901764308597
R01,NoNose,90,439.76342271139475
R01,NoNose,91,446.74028159479155
R01,NoNose,92,436.6667266141371
R01,NoNose,93,440.90611030089593
R01,NoNose,94,441.29825132910145
R01,NoNose,95,427.8381350826779
R01,NoNose,96,430.14319301683946
R01,NoNose,97,441.3345856019359
R01,NoNose,98,438.49088785645984
R01,NoNose,99,426.9872082971126
R01,"NoNose,NoBody2",0,429.3361311552239
R01,"NoNose,NoBody2",1,432.1974927666768
R01,"NoNose,NoBody2",2,433.08489005883854
R01,"NoNose,NoBody2",3,430.28754522877097
R01,"NoNose,NoBody2",4,425.95716778230604
R01,"NoNose,NoBody2",5,418.4102990285118
R01,"NoNose,NoBody2",6,416.33429324642987
R01,"NoNose,NoBody2",7,416.6550389891168
R01,"NoNose,NoBody2",8,418.74707123712454
R01,"NoNose,NoBody2",9,416.79912307365726
R01,"NoNose,NoBody2",10,417.2551645031161
R01,"NoNose,NoBody2",11,422.68132856005775
R01,"NoNose,NoBody2",12,416.2150033764338
R01,"NoNose,NoBody2",13,415.79699282139063
R01,"NoNose,NoBody2",14,414.8208402228025
R01,"NoNose,NoBody2",15,413.77085519526594
R01,"NoNose,NoBody2",16,414.6266429983751
R01,"NoNose,NoBody2",17,412.82681847817946
R01,"NoNose,NoBody2",18,412.4751190242743
R01,"NoNose,NoBody2",19,419.5283570584905
R01,"NoNose,NoBody2",20,425.46835749869484
R01,"NoNose,NoBody2",21,425.66803123820466
R01,"NoNose,NoBody2",22,429.8723482739487
R01,"NoNose,NoBody2",23,427.9623992282768
R01,"NoNose,NoBody2",24,428.00386526048914
R01,"NoNose,NoBody2",25,427.92944417089035
R01,"NoNose,NoBody2",26,427.61124387639614
R01,"NoNose,NoBody2",27,429.6299550490428
R01,"NoNose,NoBody2",28,430.9332578721144
R01,"NoNose,NoBody2",29,428.6295032899394
R01,"NoNose,NoBody2",30,426.7128910605433
R01,"NoNose,NoBody2",31,429.8084230880688
R01,"NoNose,NoBody2",32,427.02008728979905
R01,"NoNose,NoBody2",33,424.4242131831106
R01,"NoNose,NoBody2",34,423.49804500767726
R01,"NoNose,NoBody2",35,422.24974516054976
R01,"NoNose,NoBody2",36,425.10093809389383
R01,"NoNose,NoBody2",37,420.435418683955
R01,"NoNose,NoBody2",38,411.3879083737374
R01,"NoNose,NoBody2",39,405.645542684739
R01,"NoNose,NoBody2",40,402.2643344572172
R01,"NoNose,NoBody2",41,403.68511521448687
R01,"NoNose,NoBody2",42,400.43573384999485
R01,"NoNose,NoBody2",43,400.43213556639415
R01,"NoNose,NoBody2",44,398.8317360568299
R01,"NoNose,NoBody2",45,396.76405267951776
R01,"NoNose,NoBody2",46,394.4541437401495
R01,"NoNose,NoBody2",47,397.7647339643473
R01,"NoNose,NoBody2",48,399.2900191668148
R01,"NoNose,NoBody2",49,402.8995307425282
R01,"NoNose,NoBody2",50,402.56734798659926
R01,"NoNose,NoBody2",51,403.72150395523056
R01,"NoNose,NoBody2",52,403.40233653506124
R01,"NoNose,NoBody2",53,404.02137666484856
R01,"NoNose,NoBody2",54,404.2521686058564
R01,"NoNose,NoBody2",55,403.386964736789
R01,"NoNose,NoBody2",56,403.7208193587712
R01,"NoNose,NoBody2",57,406.05012965252695
R01,"NoNose,NoBody2",58,401.9997537798532
R01,"NoNose,NoBody2",59,402.75232854687897
R01,"NoNose,NoBody2",60,406.5424052760431
R01,"NoNose,NoBody2",61,409.1430250309459
R01,"NoNose,NoBody2",62,404.058134657646
R01,"NoNose,NoBody2",63,400.90828029511414
R01,"NoNose,NoBody2",64,406.6258907841689
R01,"NoNose,NoBody2",65,410.0239325054788
R01,"NoNose,NoBody2",66,412.5300476629655
R01,"NoNose,NoBody2",67,411.09223299249885
R01,"NoNose,NoBody2",68,424.39623404212756
R01,"NoNose,NoBody2",69,425.57314950472886
R01,"NoNose,NoBody2",70,428.0077034476952
R01,"NoNose,NoBody2",71,428.14247095286714
R01,"NoNose,NoBody2",72,427.3456204093614
R01,"NoNose,NoBody2",73,426.7139635719983
R01,"NoNose,NoBody2",74,428.3450577551697
R01,"NoNose,NoBody2",75,428.8975357921474
R01,"NoNose,NoBody2",76,428.18197241363254
R01,"NoNose,NoBody2",77,427.2387092786477
R01,"NoNose,NoBody2",78,435.595142812917
R01,"NoNose,NoBody2",79,433.8595671976213
R01,"NoNose,NoBody2",80,431.6892929774465
R01,"NoNose,NoBody2",81,436.38430044726624
R01,"NoNose,NoBody2",82,430.18410820013764
R01,"NoNose,NoBody2",83,426.8811923144207
R01,"NoNose,NoBody2",84,425.98651010939943
R01,"NoNose,NoBody2",85,429.4446087017129
R01,"NoNose,NoBody2",86,426.08127155692256
R01,"NoNose,NoBody2",87,427.5007022258487
R01,"NoNose,NoBody2",88,437.90562546571476
R01,"NoNose,NoBody2",89,430.20740675360344
R01,"NoNose,NoBody2",90,428.82530844151285
R01,"NoNose,NoBody2",91,427.9840855762031
R01,"NoNose,NoBody2",92,427.1963466084742
R01,"NoNose,NoBody2",93,434.6676903681326
R01,"NoNose,NoBody2",94,438.9528836766043
R01,"NoNose,NoBody2",95,427.47755926271935
R01,"NoNose,NoBody2",96,429.64115238946675
R01,"NoNose,NoBody2",97,438.5615515400205
R01,"NoNose,NoBody2",98,440.5206503394338
R01,"NoNose,NoBody2",99,429.81340448456905
R01,"NoNose,NoBody2,NoBody1",0,389.9386481914218
R01,"NoNose,NoBody2,NoBody1",1,397.21731628286364
R01,"NoNose,NoBody2,NoBody1",2,399.62767856859904
R01,"NoNose,NoBody2,NoBody1",3,397.63887795156853
R01,"NoNose,NoBody2,NoBody1",4,393.62019836522876
R01,"NoNose,NoBody2,NoBody1",5,384.59022884545277
R01,"NoNose,NoBody2,NoBody1",6,379.7634988472293
R01,"NoNose,NoBody2,NoBody1",7,381.8766435867104
R01,"NoNose,NoBody2,NoBody1",8,382.1018932536174
R01,"NoNose,NoBody2,NoBody1",9,383.29950203428905
R01,"NoNose,NoBody2,NoBody1",10,384.3130919619923
R01,"NoNose,NoBody2,NoBody1",11,390.36952968960753
R01,"NoNose,NoBody2,NoBody1",12,382.9990816006389
R01,"NoNose,NoBody2,NoBody1",13,382.11795990293666
R01,"NoNose,NoBody2,NoBody1",14,382.77774427873885
R01,"NoNose,NoBody2,NoBody1",15,382.3403965176119
R01,"NoNose,NoBody2,NoBody1",16,380.54404276356445
R01,"NoNose,NoBody2,NoBody1",17,384.0490354833357
R01,"NoNose,NoBody2,NoBody1",18,382.75006532735443
R01,"NoNose,NoBody2,NoBody1",19,387.20068078111615
R01,"NoNose,NoBody2,NoBody1",20,394.18191078661863
R01,"NoNose,NoBody2,NoBody1",21,392.7143553208625
R01,"NoNose,NoBody2,NoBody1",22,395.64956720709955
R01,"NoNose,NoBody2,NoBody1",23,395.97669542824184
R01,"NoNose,NoBody2,NoBody1",24,393.92492615169203
R01,"NoNose,NoBody2,NoBody1",25,390.9694291762701
R01,"NoNose,NoBody2,NoBody1",26,395.12746991065137
R01,"NoNose,NoBody2,NoBody1",27,394.0619736496131
R01,"NoNose,NoBody2,NoBody1",28,393.1227146612902
R01,"NoNose,NoBody2,NoBody1",29,393.7839818396334
R01,"NoNose,NoBody2,NoBody1",30,392.9511513267353
R01,"NoNose,NoBody2,NoBody1",31,394.43526080058615
R01,"NoNose,NoBody2,NoBody1",32,390.1379405414792
R01,"NoNose,NoBody2,NoBody1",33,387.12504088396054
R01,"NoNose,NoBody2,NoBody1",34,381.6188294392132
R01,"NoNose,NoBody2,NoBody1",35,385.50234036740807
R01,"NoNose,NoBody2,NoBody1",36,384.2275263538955
R01,"NoNose,NoBody2,NoBody1",37,380.8336680758886
R01,"NoNose,NoBody2,NoBody1",38,374.5727146293331
R01,"NoNose,NoBody2,NoBody1",39,369.7087010320047
R01,"NoNose,NoBody2,NoBody1",40,370.6613259100132
R01,"NoNose,NoBody2,NoBody1",41,368.94715226050084
R01,"NoNose,NoBody2,NoBody1",42,365.08851904645843
R01,"NoNose,NoBody2,NoBody1",43,368.38726137481166
R01,"NoNose,NoBody2,NoBody1",44,369.56655693128243
R01,"NoNose,NoBody2,NoBody1",45,370.3432028493637
R01,"NoNose,NoBody2,NoBody1",46,367.2513702648853
R01,"NoNose,NoBody2,NoBody1",47,365.5317956976975
R01,"NoNose,NoBody2,NoBody1",48,369.9694421671979
R01,"NoNose,NoBody2,NoBody1",49,371.77288052001455
R01,"NoNose,NoBody2,NoBody1",50,371.33922266520767
R01,"NoNose,NoBody2,NoBody1",51,370.86032356247586
R01,"NoNose,NoBody2,NoBody1",52,368.0601149321427
R01,"NoNose,NoBody2,NoBody1",53,370.35244863287625
R01,"NoNose,NoBody2,NoBody1",54,365.8292760961281
R01,"NoNose,NoBody2,NoBody1",55,370.446830220412
R01,"NoNose,NoBody2,NoBody1",56,369.491377499442
R01,"NoNose,NoBody2,NoBody1",57,372.2417867681985
R01,"NoNose,NoBody2,NoBody1",58,368.00341714786805
R01,"NoNose,NoBody2,NoBody1",59,369.35704021855247
R01,"NoNose,NoBody2,NoBody1",60,369.3019045822717
R01,"NoNose,NoBody2,NoBody1",61,367.59119125374684
R01,"NoNose,NoBody2,NoBody1",62,367.5519209417888
R01,"NoNose,NoBody2,NoBody1",63,368.15874693170304
R01,"NoNose,NoBody2,NoBody1",64,368.9341767928313
R01,"NoNose,NoBody2,NoBody1",65,371.91282146596546
R01,"NoNose,NoBody2,NoBody1",66,372.0459268543132
R01,"NoNose,NoBody2,NoBody1",67,373.0415898962238
R01,"NoNose,NoBody2,NoBody1",68,391.64001009496
R01,"NoNose,NoBody2,NoBody1",69,392.7206464885098
R01,"NoNose,NoBody2,NoBody1",70,391.78477191234833
R01,"NoNose,NoBody2,NoBody1",71,392.1413403736042
R01,"NoNose,NoBody2,NoBody1",72,393.07472519247665
R01,"NoNose,NoBody2,NoBody1",73,390.90104000201256
R01,"NoNose,NoBody2,NoBody1",74,393.8187174855365
R01,"NoNose,NoBody2,NoBody1",75,390.53029549832127
R01,"NoNose,NoBody2,NoBody1",76,391.62816693796253
R01,"NoNose,NoBody2,NoBody1",77,391.2042625914203
R01,"NoNose,NoBody2,NoBody1",78,394.215522785983
R01,"NoNose,NoBody2,NoBody1",79,390.4672303248139
R01,"NoNose,NoBody2,NoBody1",80,393.19092292688447
R01,"NoNose,NoBody2,NoBody1",81,402.9061505925963
R01,"NoNose,NoBody2,NoBody1",82,393.4335669318068
R01,"NoNose,NoBody2,NoBody1",83,391.4045263449209
R01,"NoNose,NoBody2,NoBody1",84,390.4291138606216
R01,"NoNose,NoBody2,NoBody1",85,390.6144947027342
R01,"NoNose,NoBody2,NoBody1",86,391.5049586118571
R01,"NoNose,NoBody2,NoBody1",87,393.99137113331966
R01,"NoNose,NoBody2,NoBody1",88,402.42462362241724
R01,"NoNose,NoBody2,NoBody1",89,394.9947756638949
R01,"NoNose,NoBody2,NoBody1",90,392.21828678093203
R01,"NoNose,NoBody2,NoBody1",91,388.5397102197436
R01,"NoNose,NoBody2,NoBody1",92,390.35195652656165
R01,"NoNose,NoBody2,NoBody1",93,389.69236288223397
R01,"NoNose,NoBody2,NoBody1",94,389.76044483400807
R01,"NoNose,NoBody2,NoBody1",95,390.65358765529254
R01,"NoNose,NoBody2,NoBody1",96,394.9856913288504
R01,"NoNose,NoBody2,NoBody1",97,405.9904263163244
R01,"NoNose,NoBody2,NoBody1",98,403.1253257674347
R01,"NoNose,NoBody2,NoBody1",99,390.777298563037
R01,Normal,0,377.3603790100293
R01,Normal,1,381.2091027247868
R01,Normal,2,383.087230582395
R01,Normal,3,380.45829907387656
R01,Normal,4,378.3253788938128
R01,Normal,5,368.773334646566
R01,Normal,6,365.0899885591581
R01,Normal,7,364.23658422158604
R01,Normal,8,367.4695798088643
R01,Normal,9,367.0669948271589
R01,Normal,10,371.9347730258464
R01,Normal,11,378.5693178684164
R01,Normal,12,369.15720859395395
R01,Normal,13,368.0967383495373
R01,Normal,14,369.318860814292
R01,Normal,15,369.74303605140875
R01,Normal,16,368.22098297982654
R01,Normal,17,371.08877731177046
R01,Normal,18,369.2112001170743
R01,Normal,19,375.67314042170364
R01,Normal,20,379.65672003464937
R01,Normal,21,379.1384690791754
R01,Normal,22,382.0535386451126
R01,Normal,23,382.51289064900845
R01,Normal,24,379.71540972044636
R01,Normal,25,380.39097733933414
R01,Normal,26,380.7093241487916
R01,Normal,27,383.2365869384293
R01,Normal,28,382.65293502756424
R01,Normal,29,380.47838835527375
R01,Normal,30,379.9042616826265
R01,Normal,31,381.51267641642363
R01,Normal,32,381.13297812436434
R01,Normal,33,376.0162914643672
R01,Normal,34,370.9785694676638
R01,Normal,35,371.24240677835644
R01,Normal,36,372.7382421634039
R01,Normal,37,369.36431470104304
R01,Normal,38,360.41723257637466
R01,Normal,39,354.86518172689614
R01,Normal,40,354.4613052807296
R01,Normal,41,353.84277252684745
R01,Normal,42,354.0175443001731
R01,Normal,43,354.6612276714899
R01,Normal,44,352.46574530162076
R01,Normal,45,352.3163555188503
R01,Normal,46,352.12691431755906
R01,Normal,47,357.3690027296882
R01,Normal,48,356.80081518473247
R01,Normal,49,357.12060052980354
R01,Normal,50,359.7876178997425
R01,Normal,51,360.4681821419169
R01,Normal,52,360.9906371943613
R01,Normal,53,359.01732799294905
R01,Normal,54,359.7181304048168
R01,Normal,55,358.06712671785203
R01,Normal,56,357.07275662560704
R01,Normal,57,358.6555464318674
R01,Normal,58,357.80771134577583
R01,Normal,59,358.7572004190747
R01,Normal,60,358.99294705454884
R01,Normal,61,359.3578790697024
R01,Normal,62,357.22165837141915
R01,Normal,63,357.2042148469104
R01,Normal,64,363.4489475178956
R01,Normal,65,364.0544526505872
R01,Normal,66,363.535083505122
R01,Normal,67,365.8529641684165
R01,Normal,68,381.3748766971812
R01,Normal,69,381.8888385586662
R01,Normal,70,378.13575471099205
R01,Normal,71,379.920975690254
R01,Normal,72,381.7363038042365
R01,Normal,73,380.37420971199634
R01,Normal,74,379.1193038047668
R01,Normal,75,390.030774667285
R01,Normal,76,387.6196831947736
R01,Normal,77,380.78281328863295
R01,Normal,78,389.3623584590747
R01,Normal,79,384.2405045858559
R01,Normal,80,385.15048750163464
R01,Normal,81,391.7644452383454
R01,Normal,82,380.59204490189285
R01,Normal,83,379.60488853588777
R01,Normal,84,378.6562527041139
R01,Normal,85,379.8679853701584
R01,Normal,86,376.6577579489264
R01,Normal,87,386.176082612482
R01,Normal,88,391.9028865404144
R01,Normal,89,380.7226792089811
R01,Normal,90,386.4299983356365
R01,Normal,91,389.0591830981987
R01,Normal,92,380.5200524722867
R01,Normal,93,389.33366715994174
R01,Normal,94,388.12986968168417
R01,Normal,95,380.06376456084
R01,Normal,96,386.27718191920087
R01,Normal,97,392.5613764083221
R01,Normal,98,393.0835579203071
R01,Normal,99,377.6425116423441
R02,NoNose,0,1310.974980967203
R02,NoNose,1,1312.4117286681665
R02,NoNose,2,1312.349747933051
R02,NoNose,3,1312.1613783010723
R02,NoNose,4,1312.2320695970695
R02,NoNose,5,1309.0684363299797
R02,NoNose,6,1307.448538011696
R02,NoNose,7,1306.6314564644629
R02,NoNose,8,1307.4942876460927
R02,NoNose,9,1304.9328042486495
R02,NoNose,10,1310.6942602241609
R02,NoNose,11,1314.276515862756
R02,NoNose,12,1306.8184284682786
R02,NoNose,13,1307.848505367949
R02,NoNose,14,1310.0755254819937
R02,NoNose,15,1310.2195546649682
R02,NoNose,16,1309.757268746579
R02,NoNose,17,1308.9526586581394
R02,NoNose,18,1309.9245049225074
R02,NoNose,19,1311.5135479503356
R02,NoNose,20,1314.4929225548112
R02,NoNose,21,1315.0129899228975
R02,NoNose,22,1315.3710334744908
R02,NoNose,23,1317.5975987893353
R02,NoNose,24,1315.344507719163
R02,NoNose,25,1317.6302944438512
R02,NoNose,26,1314.5283560373637
R02,NoNose,27,1316.8115735999256
R02,NoNose,28,1311.5441228798854
R02,NoNose,29,1311.3110891888368
R02,NoNose,30,1311.6597225823177
R02,NoNose,31,1311.3563356017037
R02,NoNose,32,1311.5542356515105
R02,NoNose,33,1309.4569047626594
R02,NoNose,34,1306.56570636432
R02,NoNose,35,1306.9054180170253
R02,NoNose,36,1307.4129460566558
R02,NoNose,37,1306.8366616346204
R02,NoNose,38,1303.6779438422482
R02,NoNose,39,1300.8776485812696
R02,NoNose,40,1301.2238829275636
R02,NoNose,41,1300.1843876933713
R02,NoNose,42,1301.4729889610937
R02,NoNose,43,1299.997893008383
R02,NoNose,44,1300.4737023454074
R02,NoNose,45,1299.456707285455
R02,NoNose,46,1299.1236638887417
R02,NoNose,47,1302.9159945831934
R02,NoNose,48,1304.93869884663
R02,NoNose,49,1304.5643166011394
R02,NoNose,50,1306.2391367607236
R02,NoNose,51,1306.8153008872532
R02,NoNose,52,1306.2141699296872
R02,NoNose,53,1305.5117115781436
R02,NoNose,54,1306.61121942788
R02,NoNose,55,1306.6977980862428
R02,NoNose,56,1305.7542397227348
R02,NoNose,57,1305.778691248274
R02,NoNose,58,1305.6018253968255
R02,NoNose,59,1305.3036707917365
R02,NoNose,60,1305.4027567481924
R02,NoNose,61,1304.1613500351814
R02,NoNose,62,1304.801082540426
R02,NoNose,63,1305.1607004912812
R02,NoNose,64,1305.7623730395696
R02,NoNose,65,1306.2578768760982
R02,NoNose,66,1306.7114048312521
R02,NoNose,67,1306.169773800285
R02,NoNose,68,1311.9962868703087
R02,NoNose,69,1313.008700110134
R02,NoNose,70,1313.5227041376206
R02,NoNose,71,1313.5667789894226
R02,NoNose,72,1312.941853253497
R02,NoNose,73,1312.6941581713606
R02,NoNose,74,1312.5935342306916
R02,NoNose,75,1313.332889926051
R02,NoNose,76,1313.7405729009536
R02,NoNose,77,1311.901427535084
R02,NoNose,78,1313.7707390506848
R02,NoNose,79,1313.6714140665438
R02,NoNose,80,1312.0088982085535
R02,NoNose,81,1313.0416316403803
R02,NoNose,82,1312.4798380769932
R02,NoNose,83,1312.3683465383888
R02,NoNose,84,1310.667342704684
R02,NoNose,85,1311.8852363515339
R02,NoNose,86,1312.5440997283717
R02,NoNose,87,1312.1391428877637
R02,NoNose,88,1313.6223538213249
R02,NoNose,89,1313.130689447117
R02,NoNose,90,1313.0002490096208
R02,NoNose,91,1313.4377233313169
R02,NoNose,92,1313.0609613213269
R02,NoNose,93,1314.0324351827844
R02,NoNose,94,1313.0457645777815
R02,NoNose,95,1312.7323229229685
R02,NoNose,96,1311.5264125274255
R02,NoNose,97,1313.587584190361
R02,NoNose,98,1313.4649425287357
R02,NoNose,99,1310.6913744142287
R02,"NoNose,NoBody2",0,1312.1452604109081
R02,"NoNose,NoBody2",1,1312.5440335036576
R02,"NoNose,NoBody2",2,1311.4393127279945
R02,"NoNose,NoBody2",3,1312.1607904766263
R02,"NoNose,NoBody2",4,1311.4242181990385
R02,"NoNose,NoBody2",5,1309.2253280025254
R02,"NoNose,NoBody2",6,1307.7949269983058
R02,"NoNose,NoBody2",7,1307.3087542849883
R02,"NoNose,NoBody2",8,1305.7618607242046
R02,"NoNose,NoBody2",9,1304.7318411651072
R02,"NoNose,NoBody2",10,1309.7879565159365
R02,"NoNose,NoBody2",11,1310.8186250866763
R02,"NoNose,NoBody2",12,1306.0366395357319
R02,"NoNose,NoBody2",13,1308.3368729529723
R02,"NoNose,NoBody2",14,1308.1832089140853
R02,"NoNose,NoBody2",15,1309.6902094035295
R02,"NoNose,NoBody2",16,1308.9507957514013
R02,"NoNose,NoBody2",17,1309.1199435148105
R02,"NoNose,NoBody2",18,1309.0404542995218
R02,"NoNose,NoBody2",19,1312.0553040002608
R02,"NoNose,NoBody2",20,1314.4528363180116
R02,"NoNose,NoBody2",21,1315.015241151859
R02,"NoNose,NoBody2",22,1315.7082629692236
R02,"NoNose,NoBody2",23,1316.7732702568126
R02,"NoNose,NoBody2",24,1315.8318983582064
R02,"NoNose,NoBody2",25,1315.5738514723478
R02,"NoNose,NoBody2",26,1315.1071862798399
R02,"NoNose,NoBody2",27,1316.0755028262063
R02,"NoNose,NoBody2",28,1311.8575840665715
R02,"NoNose,NoBody2",29,1312.1984637530338
R02,"NoNose,NoBody2",30,1311.494330758098
R02,"NoNose,NoBody2",31,1310.4238422716974
R02,"NoNose,NoBody2",32,1310.971075771134
R02,"NoNose,NoBody2",33,1309.9995936811486
R02,"NoNose,NoBody2",34,1307.7974996599562
R02,"NoNose,NoBody2",35,1306.8646375493993
R02,"NoNose,NoBody2",36,1307.2369515870541
R02,"NoNose,NoBody2",37,1306.0703160553749
R02,"NoNose,NoBody2",38,1304.0052249130208
R02,"NoNose,NoBody2",39,1302.5547701519874
R02,"NoNose,NoBody2",40,1301.056352271122
R02,"NoNose,NoBody2",41,1301.0192859200783
R02,"NoNose,NoBody2",42,1300.3793211248849
R02,"NoNose,NoBody2",43,1301.3287672630483
R02,"NoNose,NoBody2",44,1300.9213404886584
R02,"NoNose,NoBody2",45,1300.6517923838871
R02,"NoNose,NoBody2",46,1300.4911021875648
R02,"NoNose,NoBody2",47,1302.4317015964143
R02,"NoNose,NoBody2",48,1304.9732561613125
R02,"NoNose,NoBody2",49,1305.8295326573186
R02,"NoNose,NoBody2",50,1306.195018605932
R02,"NoNose,NoBody2",51,1305.805905854987
R02,"NoNose,NoBody2",52,1305.7947748152337
R02,"NoNose,NoBody2",53,1306.1229827794698
R02,"NoNose,NoBody2",54,1305.1345119384116
R02,"NoNose,NoBody2",55,1304.9820205612566
R02,"NoNose,NoBody2",56,1304.9003446590489
R02,"NoNose,NoBody2",57,1305.8181642542193
R02,"NoNose,NoBody2",58,1305.8426015478158
R02,"NoNose,NoBody2",59,1305.1529337551092
R02,"NoNose,NoBody2",60,1306.076207104086
R02,"NoNose,NoBody2",61,1306.8122303264286
R02,"NoNose,NoBody2",62,1305.8394382402234
R02,"NoNose,NoBody2",63,1305.450707933823
R02,"NoNose,NoBody2",64,1306.0673554868126
R02,"NoNose,NoBody2",65,1306.397932774207
R02,"NoNose,NoBody2",66,1307.0397885029406
R02,"NoNose,NoBody2",67,1306.874681519158
R02,"NoNose,NoBody2",68,1310.9053890554767
R02,"NoNose,NoBody2",69,1311.78984902395
R02,"NoNose,NoBody2",70,1311.7600027359892
R02,"NoNose,NoBody2",71,1311.3856569734298
R02,"NoNose,NoBody2",72,1311.5670635137994
R02,"NoNose,NoBody2",73,1311.22673816728
R02,"NoNose,NoBody2",74,1311.2141306548322
R02,"NoNose,NoBody2",75,1312.083603581424
R02,"NoNose,NoBody2",76,1311.5787266227728
R02,"NoNose,NoBody2",77,1310.9487741710766
R02,"NoNose,NoBody2",78,1313.0135528705755
R02,"NoNose,NoBody2",79,1312.006337153423
R02,"NoNose,NoBody2",80,1312.1056603597551
R02,"NoNose,NoBody2",81,1313.2528522377156
R02,"NoNose,NoBody2",82,1312.6991580943466
R02,"NoNose,NoBody2",83,1311.8744738050698
R02,"NoNose,NoBody2",84,1311.3795498145182
R02,"NoNose,NoBody2",85,1312.188543277789
R02,"NoNose,NoBody2",86,1311.5657617861837
R02,"NoNose,NoBody2",87,1311.6055638830194
R02,"NoNose,NoBody2",88,1313.1128684013122
R02,"NoNose,NoBody2",89,1312.2785070576938
R02,"NoNose,NoBody2",90,1312.0503929594327
R02,"NoNose,NoBody2",91,1311.9664912493547
R02,"NoNose,NoBody2",92,1312.3788841838398
R02,"NoNose,NoBody2",93,1312.790443870993
R02,"NoNose,NoBody2",94,1312.3830778657439
R02,"NoNose,NoBody2",95,1311.477948152584
R02,"NoNose,NoBody2",96,1311.9317294944665
R02,"NoNose,NoBody2",97,1312.7581482548976
R02,"NoNose,NoBody2",98,1313.3753566438036
R02,"NoNose,NoBody2",99,1311.5533359687533
R02,"NoNose,NoBody2,NoBody1",0,1308.0859592862641
R02,"NoNose,NoBody2,NoBody1",1,1309.4934086024625
R02,"NoNose,NoBody2,NoBody1",2,1307.9513057684499
R02,"NoNose,NoBody2,NoBody1",3,1307.8725377946735
R02,"NoNose,NoBody2,NoBody1",4,1307.9726630851803
R02,"NoNose,NoBody2,NoBody1",5,1305.5131486583966
R02,"NoNose,NoBody2,NoBody1",6,1303.0707629078292
R02,"NoNose,NoBody2,NoBody1",7,1302.9219015566068
R02,"NoNose,NoBody2,NoBody1",8,1302.7690238879893
R02,"NoNose,NoBody2,NoBody1",9,1302.7653921805036
R02,"NoNose,NoBody2,NoBody1",10,1307.879062946376
R02,"NoNose,NoBody2,NoBody1",11,1311.0662631645948
R02,"NoNose,NoBody2,NoBody1",12,1303.1502027758422
R02,"NoNose,NoBody2,NoBody1",13,1305.0150499512242
R02,"NoNose,NoBody2,NoBody1",14,1305.7766396573177
R02,"NoNose,NoBody2,NoBody1",15,1307.8004494503011
R02,"NoNose,NoBody2,NoBody1",16,1307.4283580922363
R02,"NoNose,NoBody2,NoBody1",17,1307.5470591950307
R02,"NoNose,NoBody2,NoBody1",18,1307.1608848998424
R02,"NoNose,NoBody2,NoBody1",19,1310.6561906080467
R02,"NoNose,NoBody2,NoBody1",20,1312.5906014210634
R02,"NoNose,NoBody2,NoBody1",21,1312.9118526758127
R02,"NoNose,NoBody2,NoBody1",22,1313.243398905059
R02,"NoNose,NoBody2,NoBody1",23,1313.8927223526007
R02,"NoNose,NoBody2,NoBody1",24,1312.0569409052098
R02,"NoNose,NoBody2,NoBody1",25,1312.8063763925277
R02,"NoNose,NoBody2,NoBody1",26,1313.119381849457
R02,"NoNose,NoBody2,NoBody1",27,1312.4345543981913
R02,"NoNose,NoBody2,NoBody1",28,1307.6756021433273
R02,"NoNose,NoBody2,NoBody1",29,1307.828823189968
R02,"NoNose,NoBody2,NoBody1",30,1307.9694242868325
R02,"NoNose,NoBody2,NoBody1",31,1308.2960164421274
R02,"NoNose,NoBody2,NoBody1",32,1307.402058192973
R02,"NoNose,NoBody2,NoBody1",33,1306.4554489051975
R02,"NoNose,NoBody2,NoBody1",34,1303.7900200429215
R02,"NoNose,NoBody2,NoBody1",35,1303.9640699376703
R02,"NoNose,NoBody2,NoBody1",36,1303.777131117699
R02,"NoNose,NoBody2,NoBody1",37,1304.186046241177
R02,"NoNose,NoBody2,NoBody1",38,1299.7558097384015
R02,"NoNose,NoBody2,NoBody1",39,1298.026426411447
R02,"NoNose,NoBody2,NoBody1",40,1297.7810530047539
R02,"NoNose,NoBody2,NoBody1",41,1297.37810786785
R02,"NoNose,NoBody2,NoBody1",42,1296.5729536908834
R02,"NoNose,NoBody2,NoBody1",43,1297.058731156468
R02,"NoNose,NoBody2,NoBody1",44,1296.9159567299598
R02,"NoNose,NoBody2,NoBody1",45,1297.1082730752094
R02,"NoNose,NoBody2,NoBody1",46,1296.9659213656062
R02,"NoNose,NoBody2,NoBody1",47,1298.219721644146
R02,"NoNose,NoBody2,NoBody1",48,1300.738511026707
R02,"NoNose,NoBody2,NoBody1",49,1301.0108803760672
R02,"NoNose,NoBody2,NoBody1",50,1301.7644537832102
R02,"NoNose,NoBody2,NoBody1",51,1300.7370294737336
R02,"NoNose,NoBody2,NoBody1",52,1301.6364894852725
R02,"NoNose,NoBody2,NoBody1",53,1301.13216941583
R02,"NoNose,NoBody2,NoBody1",54,1300.5070249488492
R02,"NoNose,NoBody2,NoBody1",55,1301.2673407896432
R02,"NoNose,NoBody2,NoBody1",56,1300.9500132724086
R02,"NoNose,NoBody2,NoBody1",57,1301.4523480928474
R02,"NoNose,NoBody2,NoBody1",58,1300.7013969085344
R02,"NoNose,NoBody2,NoBody1",59,1301.8560335237848
R02,"NoNose,NoBody2,NoBody1",60,1301.696179124099
R02,"NoNose,NoBody2,NoBody1",61,1301.1842037465995
R02,"NoNose,NoBody2,NoBody1",62,1300.9912849503244
R02,"NoNose,NoBody2,NoBody1",63,1300.7400315279208
R02,"NoNose,NoBody2,NoBody1",64,1301.7083649679857
R02,"NoNose,NoBody2,NoBody1",65,1302.2310489600552
R02,"NoNose,NoBody2,NoBody1",66,1302.6299318806273
R02,"NoNose,NoBody2,NoBody1",67,1302.6845147635784
R02,"NoNose,NoBody2,NoBody1",68,1307.105463238369
R02,"NoNose,NoBody2,NoBody1",69,1308.3257818344402
R02,"NoNose,NoBody2,NoBody1",70,1307.8758831140528
R02,"NoNose,NoBody2,NoBody1",71,1307.6912803325524
R02,"NoNose,NoBody2,NoBody1",72,1309.1093586451495
R02,"NoNose,NoBody2,NoBody1",73,1307.9931153310592
R02,"NoNose,NoBody2,NoBody1",74,1307.9226951101575
R02,"NoNose,NoBody2,NoBody1",75,1307.936888450933
R02,"NoNose,NoBody2,NoBody1",76,1309.030709131266
R02,"NoNose,NoBody2,NoBody1",77,1307.6624578913497
R02,"NoNose,NoBody2,NoBody1",78,1308.7991276837424
R02,"NoNose,NoBody2,NoBody1",79,1308.4616446723198
R02,"NoNose,NoBody2,NoBody1",80,1308.745468925427
R02,"NoNose,NoBody2,NoBody1",81,1309.0772804232531
R02,"NoNose,NoBody2,NoBody1",82,1308.7658896735159
R02,"NoNose,NoBody2,NoBody1",83,1308.3877756323905
R02,"NoNose,NoBody2,NoBody1",84,1308.0883235676001
R02,"NoNose,NoBody2,NoBody1",85,1308.234190951162
R02,"NoNose,NoBody2,NoBody1",86,1307.9410126020637
R02,"NoNose,NoBody2,NoBody1",87,1308.1448686163046
R02,"NoNose,NoBody2,NoBody1",88,1309.4508223997457
R02,"NoNose,NoBody2,NoBody1",89,1308.4939238311908
R02,"NoNose,NoBody2,NoBody1",90,1308.9063489423959
R02,"NoNose,NoBody2,NoBody1",91,1308.3037633084723
R02,"NoNose,NoBody2,NoBody1",92,1308.790883946935
R02,"NoNose,NoBody2,NoBody1",93,1308.5224567873981
R02,"NoNose,NoBody2,NoBody1",94,1307.8272582791494
R02,"NoNose,NoBody2,NoBody1",95,1308.129212008311
R02,"NoNose,NoBody2,NoBody1",96,1308.2398725083897
R02,"NoNose,NoBody2,NoBody1",97,1309.6753321979554
R02,"NoNose,NoBody2,NoBody1",98,1309.1166474937331
R02,"NoNose,NoBody2,NoBody1",99,1307.7654303926456
R02,Normal,0,1306.7625103484768
R02,Normal,1,1306.8561136065098
R02,Normal,2,1307.134106591978
R02,Normal,3,1306.6838713577845
R02,Normal,4,1306.6883751249704
R02,Normal,5,1304.2090476850058
R02,Normal,6,1302.4761296373704
R02,Normal,7,1302.4187720495866
R02,Normal,8,1302.3959899264473
R02,Normal,9,1300.6166467235223
R02,Normal,10,1306.217585482196
R02,Normal,11,1308.9902092374748
R02,Normal,12,1300.5470494436277
R02,Normal,13,1303.066901887116
R02,Normal,14,1304.4718136820982
R02,Normal,15,1306.8128209307113
R02,Normal,16,1305.1404559173395
R02,Normal,17,1304.8682106200552
R02,Normal,18,1305.2412512286428
R02,Normal,19,1308.1980778046475
R02,Normal,20,1309.639048404101
R02,Normal,21,1310.163349348915
R02,Normal,22,1311.227005913755
R02,Normal,23,1312.5660563822883
R02,Normal,24,1310.4952799411612
R02,Normal,25,1310.5274603103378
R02,Normal,26,1309.7995577936763
R02,Normal,27,1311.3864878776794
R02,Normal,28,1306.2447214823674
R02,Normal,29,1306.4245917513658
R02,Normal,30,1306.3790769310583
R02,Normal,31,1306.4613554085677
R02,Normal,32,1306.34789282315
R02,Normal,33,1304.4862212110481
R02,Normal,34,1302.7541357251473
R02,Normal,35,1302.4759845655285
R02,Normal,36,1302.1875624511895
R02,Normal,37,1301.9271028197961
R02,Normal,38,1298.7614591189467
R02,Normal,39,1295.834713000383
R02,Normal,40,1295.7357156914584
R02,Normal,41,1296.0413129860874
R02,Normal,42,1295.9997123372004
R02,Normal,43,1295.6520667698178
R02,Normal,44,1295.2338529936392
R02,Normal,45,1294.886980573176
R02,Normal,46,1295.7207514191825
R02,Normal,47,1298.053909203777
R02,Normal,48,1299.16239225452
R02,Normal,49,1299.3152370111463
R02,Normal,50,1300.0810197221765
R02,Normal,51,1299.9857430853297
R02,Normal,52,1300.5006905628059
R02,Normal,53,1300.28329031023
R02,Normal,54,1299.629594262263
R02,Normal,55,1300.0046136237854
R02,Normal,56,1299.8272777601082
R02,Normal,57,1300.113302088812
R02,Normal,58,1300.1414183156417
R02,Normal,59,1300.0999412019642
R02,Normal,60,1300.061269720961
R02,Normal,61,1300.0438128743979
R02,Normal,62,1300.0448711446768
R02,Normal,63,1299.9625445142594
R02,Normal,64,1300.0609225372555
R02,Normal,65,1301.1020009975934
R02,Normal,66,1300.877369229082
R02,Normal,67,1301.744526762315
R02,Normal,68,1306.8931946244293
R02,Normal,69,1306.874034606689
R02,Normal,70,1306.5699346723143
R02,Normal,71,1307.0251329113955
R02,Normal,72,1306.6782894961123
R02,Normal,73,1307.0519880766535
R02,Normal,74,1307.050611035126
R02,Normal,75,1307.8215421935454
R02,Normal,76,1308.0641455731209
R02,Normal,77,1307.2835479586568
R02,Normal,78,1308.2583037215197
R02,Normal,79,1307.130706135292
R02,Normal,80,1307.7284314644367
R02,Normal,81,1307.998297113746
R02,Normal,82,1306.8980762497106
R02,Normal,83,1306.620861084158
R02,Normal,84,1306.6960043385259
R02,Normal,85,1307.3650586441029
R02,Normal,86,1306.5255509275323
R02,Normal,87,1307.6646310975855
R02,Normal,88,1307.9135953868736
R02,Normal,89,1306.8733042113581
R02,Normal,90,1307.78382294471
R02,Normal,91,1308.0236985928839
R02,Normal,92,1306.8006241730197
R02,Normal,93,1308.1594105411866
R02,Normal,94,1307.7601155570287
R02,Normal,95,1307.0478817709768
R02,Normal,96,1307.9231772781202
R02,Normal,97,1308.4847016195574
R02,Normal,98,1308.1163967757684
R02,Normal,99,1306.4258483800752
R03,NoNose,0,1561.2210950675358
R03,NoNose,1,1373.429451265353
R03,NoNose,2,1373.2532829199436
R03,NoNose,3,1372.8243326299446
R03,NoNose,4,1372.940299566334
R03,NoNose,5,1370.1977921165537
R03,NoNose,6,1366.9345251058683
R03,NoNose,7,1368.8722257927188
R03,NoNose,8,1369.793949660324
R03,NoNose,9,1369.1288133674507
R03,NoNose,10,1369.5214564126295
R03,NoNose,11,1371.6759400382427
R03,NoNose,12,1368.715197327765
R03,NoNose,13,1368.2420286865115
R03,NoNose,14,1368.8888944941712
R03,NoNose,15,1367.547442488819
R03,NoNose,16,1367.6823959323597
R03,NoNose,17,1510.2057933627173
R03,NoNose,18,1556.9931303474202
R03,NoNose,19,1440.304186039812
R03,NoNose,20,1428.2173032785895
R03,NoNose,21,1607.4104720598307
R03,NoNose,22,5616.614650275113
R03,NoNose,23,6509.7198323022985
R03,NoNose,24,6043.523361320776
R03,NoNose,25,1809.0167711113484
R03,NoNose,26,3526.1188304273614
R03,NoNose,27,6507.698113657383
R03,NoNose,28,6461.803480306771
R03,NoNose,29,3103.167619684175
R03,NoNose,30,1692.1097472128597
R03,NoNose,31,1512.1245465582756
R03,NoNose,32,1374.9645029130513
R03,NoNose,33,1373.3168657037493
R03,NoNose,34,1981.733479897164
R03,NoNose,35,7662.846203043529
R03,NoNose,36,7383.831841306585
R03,NoNose,37,1824.353834549295
R03,NoNose,38,1656.4992708841648
R03,NoNose,39,1394.0375617302666
R03,NoNose,40,1362.921988401668
R03,NoNose,41,1364.016996946389
R03,NoNose,42,1362.40859623103
R03,NoNose,43,1363.0910390919828
R03,NoNose,44,1363.9477913684843
R03,NoNose,45,1363.5216803503013
R03,NoNose,46,1363.5936639181689
R03,NoNose,47,1367.3809327701954
R03,NoNose,48,1368.4062523114249
R03,NoNose,49,1368.3801691213653
R03,NoNose,50,1368.8707475585516
R03,NoNose,51,1368.3098204282464
R03,NoNose,52,1368.2384872215907
R03,NoNose,53,1368.1651373300233
R03,NoNose,54,1369.1139581712903
R03,NoNose,55,1368.7431142725186
R03,NoNose,56,1369.0556107224654
R03,NoNose,57,1368.3442857173225
R03,NoNose,58,1368.4623741105638
R03,NoNose,59,1368.7793655440046
R03,NoNose,60,1368.9331939987778
R03,NoNose,61,1368.2139132697969
R03,NoNose,62,1368.6938007095973
R03,NoNose,63,1367.3796714930563
R03,NoNose,64,1369.075989999331
R03,NoNose,65,1368.765249330222
R03,NoNose,66,1368.6827302991674
R03,NoNose,67,1368.738449732249
R03,NoNose,68,1372.6370032143761
R03,NoNose,69,1372.8293675834148
R03,NoNose,70,1373.6655572115026
R03,NoNose,71,1373.3144292170155
R03,NoNose,72,1374.057177601462
R03,NoNose,73,1373.459618953134
R03,NoNose,74,1373.588149450494
R03,NoNose,75,1373.2019559954044
R03,NoNose,76,1373.103484894679
R03,NoNose,77,1373.4319090788429
R03,NoNose,78,1373.4219044288427
R03,NoNose,79,1373.6100238331044
R03,NoNose,80,1373.0276079527803
R03,NoNose,81,1373.1790154750333
R03,NoNose,82,1372.9841295688134
R03,NoNose,83,1372.4383842531802
R03,NoNose,84,1373.056164970339
R03,NoNose,85,1373.1447011095372
R03,NoNose,86,1373.0211490907468
R03,NoNose,87,1372.4435983173914
R03,NoNose,88,1373.2110035341236
R03,NoNose,89,1373.5305954061398
R03,NoNose,90,1372.780414690787
R03,NoNose,91,1373.4754668279895
R03,NoNose,92,1372.9073722849175
R03,NoNose,93,1372.9051804079163
R03,NoNose,94,1372.6391413977617
R03,NoNose,95,1373.4949132889697
R03,NoNose,96,1372.763828341711
R03,NoNose,97,1373.1061584996976
R03,NoNose,98,1372.7804325840557
R03,NoNose,99,1577.501184275925
R03,"NoNose,NoBody2",0,1451.6911298981565
R03,"NoNose,NoBody2",1,1372.5686297741238
R03,"NoNose,NoBody2",2,1372.3330906345732
R03,"NoNose,NoBody2",3,1372.480958742374
R03,"NoNose,NoBody2",4,1372.3968590122
R03,"NoNose,NoBody2",5,1368.5338505621423
R03,"NoNose,NoBody2",6,1367.7365698091282
R03,"NoNose,NoBody2",7,1367.6750499497755
R03,"NoNose,NoBody2",8,1367.7636114817933
R03,"NoNose,NoBody2",9,1368.6571693014685
R03,"NoNose,NoBody2",10,1369.199391514403
R03,"NoNose,NoBody2",11,1370.499257984543
R03,"NoNose,NoBody2",12,1368.2266981890962
R03,"NoNose,NoBody2",13,1369.5041428719264
R03,"NoNose,NoBody2",14,1368.094090423041
R03,"NoNose,NoBody2",15,1367.6539952692858
R03,"NoNose,NoBody2",16,1366.8372332715928
R03,"NoNose,NoBody2",17,1366.975940772453
R03,"NoNose,NoBody2",18,1367.8144889779935
R03,"NoNose,NoBody2",19,1368.9367445438393
R03,"NoNose,NoBody2",20,1610.135045912512
R03,"NoNose,NoBody2",21,2127.1463349070873
R03,"NoNose,NoBody2",22,4839.424698115064
R03,"NoNose,NoBody2",23,5217.7001591999515
R03,"NoNose,NoBody2",24,4958.20325301278
R03,"NoNose,NoBody2",25,2137.098518686159
R03,"NoNose,NoBody2",26,1965.4868231887071
R03,"NoNose,NoBody2",27,1637.1779061364998
R03,"NoNose,NoBody2",28,1481.852547107068
R03,"NoNose,NoBody2",29,1374.226792431691
R03,"NoNose,NoBody2",30,1372.5082500209019
R03,"NoNose,NoBody2",31,1394.092552036151
R03,"NoNose,NoBody2",32,1835.6211973574916
R03,"NoNose,NoBody2",33,2179.6923960577496
R03,"NoNose,NoBody2",34,2816.5325808405414
R03,"NoNose,NoBody2",35,6368.647251652434
R03,"NoNose,NoBody2",36,6129.575099502294
R03,"NoNose,NoBody2",37,2546.115207034424
R03,"NoNose,NoBody2",38,1930.2518233697404
R03,"NoNose,NoBody2",39,1449.9977239243483
R03,"NoNose,NoBody2",40,1362.5020870175815
R03,"NoNose,NoBody2",41,1363.0218654470375
R03,"NoNose,NoBody2",42,1362.2887373662436
R03,"NoNose,NoBody2",43,1362.7360189396948
R03,"NoNose,NoBody2",44,1362.8196873058403
R03,"NoNose,NoBody2",45,1364.0190047398144
R03,"NoNose,NoBody2",46,1411.5475159290218
R03,"NoNose,NoBody2",47,1530.9862039377986
R03,"NoNose,NoBody2",48,1428.1079580863109
R03,"NoNose,NoBody2",49,1368.3562894818908
R03,"NoNose,NoBody2",50,1368.3690799062294
R03,"NoNose,NoBody2",51,1368.6957677588916
R03,"NoNose,NoBody2",52,1369.2790883202904
R03,"NoNose,NoBody2",53,1367.7950417202335
R03,"NoNose,NoBody2",54,1368.7493533826118
R03,"NoNose,NoBody2",55,1368.2815519841033
R03,"NoNose,NoBody2",56,1368.2929992359636
R03,"NoNose,NoBody2",57,1367.9435102012387
R03,"NoNose,NoBody2",58,1368.1979528570707
R03,"NoNose,NoBody2",59,1368.1033256214125
R03,"NoNose,NoBody2",60,1368.0218327380342
R03,"NoNose,NoBody2",61,1368.5369871510668
R03,"NoNose,NoBody2",62,1368.2001600597166
R03,"NoNose,NoBody2",63,1368.6486960182265
R03,"NoNose,NoBody2",64,1369.3337953684893
R03,"NoNose,NoBody2",65,1368.6990371193122
R03,"NoNose,NoBody2",66,1369.5922094484865
R03,"NoNose,NoBody2",67,1369.4013079812285
R03,"NoNose,NoBody2",68,1371.730149643719
R03,"NoNose,NoBody2",69,1373.0720980230878
R03,"NoNose,NoBody2",70,1372.633573994108
R03,"NoNose,NoBody2",71,1372.7517128916882
R03,"NoNose,NoBody2",72,1372.9280298624587
R03,"NoNose,NoBody2",73,1373.068885531367
R03,"NoNose,NoBody2",74,1372.7950515378438
R03,"NoNose,NoBody2",75,1372.6002116054494
R03,"NoNose,NoBody2",76,1372.7642206230864
R03,"NoNose,NoBody2",77,1372.4617885011726
R03,"NoNose,NoBody2",78,1372.4191922633954
R03,"NoNose,NoBody2",79,1372.416784308237
R03,"NoNose,NoBody2",80,1372.7927256585801
R03,"NoNose,NoBody2",81,1372.3349225585548
R03,"NoNose,NoBody2",82,1372.4163823330093
R03,"NoNose,NoBody2",83,1372.6732474479093
R03,"NoNose,NoBody2",84,1372.4246943102835
R03,"NoNose,NoBody2",85,1372.1565488019864
R03,"NoNose,NoBody2",86,1372.5333947291122
R03,"NoNose,NoBody2",87,1372.5365744969376
R03,"NoNose,NoBody2",88,1372.7715979698494
R03,"NoNose,NoBody2",89,1373.0837150724412
R03,"NoNose,NoBody2",90,1372.524663577215
R03,"NoNose,NoBody2",91,1372.5591622545385
R03,"NoNose,NoBody2",92,1372.5609850748885
R03,"NoNose,NoBody2",93,1372.3637040625233
R03,"NoNose,NoBody2",94,1372.7354458394657
R03,"NoNose,NoBody2",95,1372.369462050815
R03,"NoNose,NoBody2",96,1372.6925596022413
R03,"NoNose,NoBody2",97,1371.9987657475492
R03,"NoNose,NoBody2",98,1372.138132087622
R03,"NoNose,NoBody2",99,1412.513661801517
R03,"NoNose,NoBody2,NoBody1",0,1475.4089452308776
R03,"NoNose,NoBody2,NoBody1",1,1370.8503436981214
R03,"NoNose,NoBody2,NoBody1",2,1371.269910896225
R03,"NoNose,NoBody2,NoBody1",3,1371.3535234269973
R03,"NoNose,NoBody2,NoBody1",4,1371.1703234866293
R03,"NoNose,NoBody2,NoBody1",5,1368.0711786034256
R03,"NoNose,NoBody2,NoBody1",6,1366.5602528642526
R03,"NoNose,NoBody2,NoBody1",7,1365.8057410599124
R03,"NoNose,NoBody2,NoBody1",8,1366.007245883108
R03,"NoNose,NoBody2,NoBody1",9,1367.0119775348985
R03,"NoNose,NoBody2,NoBody1",10,1366.9287039322303
R03,"NoNose,NoBody2,NoBody1",11,1370.4268511655607
R03,"NoNose,NoBody2,NoBody1",12,1365.6384580751098
R03,"NoNose,NoBody2,NoBody1",13,1366.8191490256104
R03,"NoNose,NoBody2,NoBody1",14,1366.6343680965156
R03,"NoNose,NoBody2,NoBody1",15,1366.346532490155
R03,"NoNose,NoBody2,NoBody1",16,1365.232466953487
R03,"NoNose,NoBody2,NoBody1",17,1365.6777917709967
R03,"NoNose,NoBody2,NoBody1",18,1366.1687585014017
R03,"NoNose,NoBody2,NoBody1",19,1367.6897001706857
R03,"NoNose,NoBody2,NoBody1",20,1370.6705899969297
R03,"NoNose,NoBody2,NoBody1",21,1369.4316097571937
R03,"NoNose,NoBody2,NoBody1",22,1369.3032799724187
R03,"NoNose,NoBody2,NoBody1",23,1369.2231160004067
R03,"NoNose,NoBody2,NoBody1",24,1371.181913862566
R03,"NoNose,NoBody2,NoBody1",25,1371.0094496983263
R03,"NoNose,NoBody2,NoBody1",26,1369.7678582958097
R03,"NoNose,NoBody2,NoBody1",27,1370.0239784417058
R03,"NoNose,NoBody2,NoBody1",28,1405.8044002955992
R03,"NoNose,NoBody2,NoBody1",29,1546.2969720490855
R03,"NoNose,NoBody2,NoBody1",30,1437.5086620687846
R03,"NoNose,NoBody2,NoBody1",31,1371.0225998132125
R03,"NoNose,NoBody2,NoBody1",32,1370.1476281760852
R03,"NoNose,NoBody2,NoBody1",33,1490.501819590152
R03,"NoNose,NoBody2,NoBody1",34,2413.153022366612
R03,"NoNose,NoBody2,NoBody1",35,7563.247612784914
R03,"NoNose,NoBody2,NoBody1",36,6812.665744806617
R03,"NoNose,NoBody2,NoBody1",37,1543.1743753064388
R03,"NoNose,NoBody2,NoBody1",38,1558.20794757708
R03,"NoNose,NoBody2,NoBody1",39,1534.9224586287248
R03,"NoNose,NoBody2,NoBody1",40,1383.355215099805
R03,"NoNose,NoBody2,NoBody1",41,1362.1299926366132
R03,"NoNose,NoBody2,NoBody1",42,1361.407941449849
R03,"NoNose,NoBody2,NoBody1",43,1485.3208949749849
R03,"NoNose,NoBody2,NoBody1",44,1535.4004399459666
R03,"NoNose,NoBody2,NoBody1",45,1366.5934150390713
R03,"NoNose,NoBody2,NoBody1",46,1360.6867472953309
R03,"NoNose,NoBody2,NoBody1",47,1364.274153959176
R03,"NoNose,NoBody2,NoBody1",48,1365.9794486952603
R03,"NoNose,NoBody2,NoBody1",49,1366.14790300295
R03,"NoNose,NoBody2,NoBody1",50,1366.3794111353507
R03,"NoNose,NoBody2,NoBody1",51,1365.1542258367358
R03,"NoNose,NoBody2,NoBody1",52,1365.6486503354656
R03,"NoNose,NoBody2,NoBody1",53,1366.2996960341375
R03,"NoNose,NoBody2,NoBody1",54,1366.5241189371334
R03,"NoNose,NoBody2,NoBody1",55,1365.9433507826166
R03,"NoNose,NoBody2,NoBody1",56,1365.4058276738847
R03,"NoNose,NoBody2,NoBody1",57,1365.8112385451652
R03,"NoNose,NoBody2,NoBody1",58,1365.6450485487155
R03,"NoNose,NoBody2,NoBody1",59,1366.4344268197865
R03,"NoNose,NoBody2,NoBody1",60,1366.6109654601312
R03,"NoNose,NoBody2,NoBody1",61,1365.585021802138
R03,"NoNose,NoBody2,NoBody1",62,1365.9441772133334
R03,"NoNose,NoBody2,NoBody1",63,1365.3942878188427
R03,"NoNose,NoBody2,NoBody1",64,1366.4491540602753
R03,"NoNose,NoBody2,NoBody1",65,1366.7561287446683
R03,"NoNose,NoBody2,NoBody1",66,1366.7754220061004
R03,"NoNose,NoBody2,NoBody1",67,1366.6429473119115
R03,"NoNose,NoBody2,NoBody1",68,1370.6009258526303
R03,"NoNose,NoBody2,NoBody1",69,1371.1372567094456
R03,"NoNose,NoBody2,NoBody1",70,1371.275830009207
R03,"NoNose,NoBody2,NoBody1",71,1371.0248435000026
R03,"NoNose,NoBody2,NoBody1",72,1371.1461206156775
R03,"NoNose,NoBody2,NoBody1",73,1371.1858166724285
R03,"NoNose,NoBody2,NoBody1",74,1371.1798501668366
R03,"NoNose,NoBody2,NoBody1",75,1370.9076244687883
R03,"NoNose,NoBody2,NoBody1",76,1371.48851707115
R03,"NoNose,NoBody2,NoBody1",77,1371.4067141755022
R03,"NoNose,NoBody2,NoBody1",78,1371.399199245014
R03,"NoNose,NoBody2,NoBody1",79,1371.2497658422772
R03,"NoNose,NoBody2,NoBody1",80,1370.9353849557278
R03,"NoNose,NoBody2,NoBody1",81,1370.8019261649406
R03,"NoNose,NoBody2,NoBody1",82,1371.2388341903031
R03,"NoNose,NoBody2,NoBody1",83,1371.51701509502
R03,"NoNose,NoBody2,NoBody1",84,1371.2147734355644
R03,"NoNose,NoBody2,NoBody1",85,1371.1018212752238
R03,"NoNose,NoBody2,NoBody1",86,1370.8708633652661
R03,"NoNose,NoBody2,NoBody1",87,1370.535940504426
R03,"NoNose,NoBody2,NoBody1",88,1371.0070659143537
R03,"NoNose,NoBody2,NoBody1",89,1370.8092637625487
R03,"NoNose,NoBody2,NoBody1",90,1370.644698408507
R03,"NoNose,NoBody2,NoBody1",91,1371.0634216619014
R03,"NoNose,NoBody2,NoBody1",92,1370.8720164131178
R03,"NoNose,NoBody2,NoBody1",93,1371.081938265737
R03,"NoNose,NoBody2,NoBody1",94,1370.9693251117797
R03,"NoNose,NoBody2,NoBody1",95,1370.91376190632
R03,"NoNose,NoBody2,NoBody1",96,1371.163820851935
R03,"NoNose,NoBody2,NoBody1",97,1371.1258101951946
R03,"NoNose,NoBody2,NoBody1",98,1370.5311039570686
R03,"NoNose,NoBody2,NoBody1",99,1409.5508954083907
R03,Normal,0,1486.7263634175101
R03,Normal,1,1372.476648429485
R03,Normal,2,1372.3380937400202
R03,Normal,3,1372.4036232097874
R03,Normal,4,1372.3646754173683
R03,Normal,5,1369.424519980087
R03,Normal,6,1367.7209213731846
R03,Normal,7,1368.588466008903
R03,Normal,8,1368.126828700879
R03,Normal,9,1367.788004354502
R03,Normal,10,1368.934575672417
R03,Normal,11,1370.7831905521468
R03,Normal,12,1368.2938070659995
R03,Normal,13,1367.6736930415602
R03,Normal,14,1367.924897864891
R03,Normal,15,1367.7837581984436
R03,Normal,16,1367.3939079114814
R03,Normal,17,1367.248716931253
R03,Normal,18,1382.3196606470722
R03,Normal,19,1417.4794525204447
R03,Normal,20,1538.131049040452
R03,Normal,21,1806.1627750479884
R03,Normal,22,5966.70153665007
R03,Normal,23,6441.953886057365
R03,Normal,24,5532.993132852473
R03,Normal,25,1919.417287782491
R03,Normal,26,3859.5199893224917
R03,Normal,27,5874.316382279543
R03,Normal,28,5695.170343259595
R03,Normal,29,2784.6378454956084
R03,Normal,30,1814.2452739555351
R03,Normal,31,4277.615097929266
R03,Normal,32,4439.926698882177
R03,Normal,33,1867.228290384641
R03,Normal,34,3128.450153202556
R03,Normal,35,7557.637165377008
R03,Normal,36,6218.944784973165
R03,Normal,37,1686.7089603994082
R03,Normal,38,1634.7579860407516
R03,Normal,39,1553.0578152222618
R03,Normal,40,1521.9639806340585
R03,Normal,41,1401.6130673715468
R03,Normal,42,1363.2287173709722
R03,Normal,43,1362.4195246356396
R03,Normal,44,1363.333640394261
R03,Normal,45,1363.12846678652
R03,Normal,46,1362.7540972759039
R03,Normal,47,1365.977913266039
R03,Normal,48,1367.2821180397957
R03,Normal,49,1367.51385062009
R03,Normal,50,1367.7244633940059
R03,Normal,51,1368.1700031447708
R03,Normal,52,1366.774813236743
R03,Normal,53,1367.6565993076629
R03,Normal,54,1367.4525719651708
R03,Normal,55,1367.2361142868535
R03,Normal,56,1367.8367590990667
R03,Normal,57,1367.4793942778183
R03,Normal,58,1367.11889244636
R03,Normal,59,1367.6695746707912
R03,Normal,60,1367.482998540611
R03,Normal,61,1367.4436563240188
R03,Normal,62,1367.5625253138762
R03,Normal,63,1367.6768761064925
R03,Normal,64,1366.6604972595135
R03,Normal,65,1367.992830916503
R03,Normal,66,1368.2587110782467
R03,Normal,67,1368.253720502045
R03,Normal,68,1372.5861595570937
R03,Normal,69,1372.6552959512428
R03,Normal,70,1372.316514959506
R03,Normal,71,1372.6879516583563
R03,Normal,72,1372.5065080678892
R03,Normal,73,1372.3378293910298
R03,Normal,74,1372.4736380826398
R03,Normal,75,1372.3700327166862
R03,Normal,76,1372.7094737813454
R03,Normal,77,1372.7812258231395
R03,Normal,78,1372.7611260092187
R03,Normal,79,1372.6633666065698
R03,Normal,80,1372.6819781994839
R03,Normal,81,1372.361213971527
R03,Normal,82,1372.7808734302275
R03,Normal,83,1372.3471557196835
R03,Normal,84,1372.7651828444748
R03,Normal,85,1372.6328501737362
R03,Normal,86,1372.1354524081141
R03,Normal,87,1372.5090677327626
R03,Normal,88,1372.406256525653
R03,Normal,89,1372.4584414785472
R03,Normal,90,1372.6591071992489
R03,Normal,91,1372.623302804361
R03,Normal,92,1372.1510132504313
R03,Normal,93,1372.310545525349
R03,Normal,94,1372.686021965221
R03,Normal,95,1372.378944797579
R03,Normal,96,1372.424046372649
R03,Normal,97,1372.3567179712154
R03,Normal,98,1372.5055845900326
R03,Normal,99,1506.854765632733
R04,NoNose,0,300.51507510109457
R04,NoNose,1,391.14268123962114
R04,NoNose,2,404.4106957047792
R04,NoNose,3,384.93069645046285
R04,NoNose,4,376.8835023788472
R04,NoNose,5,323.32867018305865
R04,NoNose,6,360.43166767493443
R04,NoNose,7,349.0498302209196
R04,NoNose,8,384.50702598280697
R04,NoNose,9,377.82407449737264
R04,NoNose,10,390.23455319797455
R04,NoNose,11,374.73019898175625
R04,NoNose,12,396.3366530713138
R04,NoNose,13,382.0671131655645
R04,NoNose,14,361.8611095117702
R04,NoNose,15,360.9011176811142
R04,NoNose,16,405.1777903091061
R04,NoNose,17,389.45502866361306
R04,NoNose,18,370.6965871935586
R04,NoNose,19,400.87840218362
R04,NoNose,20,354.85605780301705
R04,NoNose,21,371.5871005795914
R04,NoNose,22,347.7039362774753
R04,NoNose,23,321.52713951173814
R04,NoNose,24,359.1320723167275
R04,NoNose,25,351.3049012194109
R04,NoNose,26,374.15786393065997
R04,NoNose,27,316.2268347204665
R04,NoNose,28,346.6282395800652
R04,NoNose,29,330.4188634574246
R04,NoNose,30,369.3980527468095
R04,NoNose,31,330.2820278495646
R04,NoNose,32,329.33188909312935
R04,NoNose,33,348.8796696732181
R04,NoNose,34,374.5711570767389
R04,NoNose,35,343.40721271569726
R04,NoNose,36,357.24776367659575
R04,NoNose,37,346.3071331926405
R04,NoNose,38,383.55360117174394
R04,NoNose,39,374.73276185574247
R04,NoNose,40,361.02740328295715
R04,NoNose,41,395.71271224037105
R04,NoNose,42,390.92854881456515
R04,NoNose,43,397.4415835565926
R04,NoNose,44,397.8731066682278
R04,NoNose,45,387.02897632011064
R04,NoNose,46,404.73002042245645
R04,NoNose,47,398.37296180672035
R04,NoNose,48,374.07646160117423
R04,NoNose,49,384.2305358881582
R04,NoNose,50,365.6797377963587
R04,NoNose,51,400.26630410881245
R04,NoNose,52,433.7352690413035
R04,NoNose,53,392.60410041487665
R04,NoNose,54,376.26115172989944
R04,NoNose,55,384.0061023879684
R04,NoNose,56,369.6736696104005
R04,NoNose,57,404.30649319241087
R04,NoNose,58,380.3724589490969
R04,NoNose,59,398.3237577443795
R04,NoNose,60,410.65055286167876
R04,NoNose,61,414.30202431445827
R04,NoNose,62,397.1763542662738
R04,NoNose,63,410.34777016590994
R04,NoNose,64,393.0508877205528
R04,NoNose,65,377.41002981591913
R04,NoNose,66,375.60369739583473
R04,NoNose,67,385.6508235089058
R04,NoNose,68,379.87988483909066
R04,NoNose,69,514.4454472831061
R04,NoNose,70,476.3673847993147
R04,NoNose,71,391.53620640534433
R04,NoNose,72,370.5928746975197
R04,NoNose,73,401.25258350118753
R04,NoNose,74,384.86401114135913
R04,NoNose,75,350.5683780249872
R04,NoNose,76,365.1734366643335
R04,NoNose,77,406.60499107761035
R04,NoNose,78,323.5836162510276
R04,NoNose,79,361.8125262184475
R04,NoNose,80,361.44057057057057
R04,NoNose,81,373.2947918966162
R04,NoNose,82,366.2199417685337
R04,NoNose,83,392.7693410017443
R04,NoNose,84,371.8737245966375
R04,NoNose,85,397.5436715419426
R04,NoNose,86,435.6978105859755
R04,NoNose,87,370.6585984513571
R04,NoNose,88,366.9256670932811
R04,NoNose,89,369.44467156076655
R04,NoNose,90,353.01037631156123
R04,NoNose,91,366.63005228588713
R04,NoNose,92,356.22463679740434
R04,NoNose,93,385.9511063038343
R04,NoNose,94,352.1450332867764
R04,NoNose,95,400.08872353297033
R04,NoNose,96,373.66357581476865
R04,NoNose,97,386.9055898366606
R04,NoNose,98,370.161308248374
R04,NoNose,99,360.7537197751456
R04,"NoNose,NoBody2",0,582.9446482899572
R04,"NoNose,NoBody2",1,598.6718322659266
R04,"NoNose,NoBody2",2,657.855195141628
R04,"NoNose,NoBody2",3,657.8909994194032
R04,"NoNose,NoBody2",4,641.7630094214887
R04,"NoNose,NoBody2",5,609.952483354223
R04,"NoNose,NoBody2",6,602.0372450828689
R04,"NoNose,NoBody2",7,598.4405303965041
R04,"NoNose,NoBody2",8,597.9120527440174
R04,"NoNose,NoBody2",9,615.9755698195405
R04,"NoNose,NoBody2",10,621.9064114060728
R04,"NoNose,NoBody2",11,598.05449874902
R04,"NoNose,NoBody2",12,610.5174711935342
R04,"NoNose,NoBody2",13,626.3226829406794
R04,"NoNose,NoBody2",14,608.3038925651116
R04,"NoNose,NoBody2",15,606.1051648420012
R04,"NoNose,NoBody2",16,626.8338897528256
R04,"NoNose,NoBody2",17,611.5309853754611
R04,"NoNose,NoBody2",18,628.6078824676398
R04,"NoNose,NoBody2",19,623.6746240163079
R04,"NoNose,NoBody2",20,600.1152521563793
R04,"NoNose,NoBody2",21,604.2416497906146
R04,"NoNose,NoBody2",22,573.2485579100598
R04,"NoNose,NoBody2",23,564.7220280120129
R04,"NoNose,NoBody2",24,583.520276770853
R04,"NoNose,NoBody2",25,606.4090156776018
R04,"NoNose,NoBody2",26,593.2966035924202
R04,"NoNose,NoBody2",27,558.215222532789
R04,"NoNose,NoBody2",28,557.676654042204
R04,"NoNose,NoBody2",29,572.3875082086759
R04,"NoNose,NoBody2",30,576.259140237271
R04,"NoNose,NoBody2",31,557.9278280304594
R04,"NoNose,NoBody2",32,555.5947216615045
R04,"NoNose,NoBody2",33,578.9291685404627
R04,"NoNose,NoBody2",34,579.1317672271041
R04,"NoNose,NoBody2",35,566.0475745133355
R04,"NoNose,NoBody2",36,567.2000238610882
R04,"NoNose,NoBody2",37,594.5185081820326
R04,"NoNose,NoBody2",38,628.8918337783402
R04,"NoNose,NoBody2",39,643.4101413636993
R04,"NoNose,NoBody2",40,641.8264937833765
R04,"NoNose,NoBody2",41,645.4827118298922
R04,"NoNose,NoBody2",42,650.7347689542717
R04,"NoNose,NoBody2",43,648.1107399726247
R04,"NoNose,NoBody2",44,646.7615459471758
R04,"NoNose,NoBody2",45,646.69718426368
R04,"NoNose,NoBody2",46,645.9512679122093
R04,"NoNose,NoBody2",47,644.9708621561526
R04,"NoNose,NoBody2",48,643.4144209044017
R04,"NoNose,NoBody2",49,642.2036709022369
R04,"NoNose,NoBody2",50,646.8534715112787
R04,"NoNose,NoBody2",51,645.5868234545915
R04,"NoNose,NoBody2",52,645.0690177495421
R04,"NoNose,NoBody2",53,642.6521672678482
R04,"NoNose,NoBody2",54,645.4729462205293
R04,"NoNose,NoBody2",55,643.6716536329685
R04,"NoNose,NoBody2",56,648.0706184305513
R04,"NoNose,NoBody2",57,646.6497958925512
R04,"NoNose,NoBody2",58,643.5133427197648
R04,"NoNose,NoBody2",59,649.0177787236228
R04,"NoNose,NoBody2",60,644.1647156177256
R04,"NoNose,NoBody2",61,641.7802753965026
R04,"NoNose,NoBody2",62,645.6488667509458
R04,"NoNose,NoBody2",63,642.9199668849482
R04,"NoNose,NoBody2",64,645.7337592733892
R04,"NoNose,NoBody2",65,641.4716672482028
R04,"NoNose,NoBody2",66,643.7770352131904
R04,"NoNose,NoBody2",67,626.0193970340731
R04,"NoNose,NoBody2",68,634.0442583496617
R04,"NoNose,NoBody2",69,634.1888711046786
R04,"NoNose,NoBody2",70,636.2659764302799
R04,"NoNose,NoBody2",71,636.0157551364717
R04,"NoNose,NoBody2",72,630.3375508814173
R04,"NoNose,NoBody2",73,627.7925431258915
R04,"NoNose,NoBody2",74,583.7986534586489
R04,"NoNose,NoBody2",75,582.5496050367042
R04,"NoNose,NoBody2",76,559.3939138429168
R04,"NoNose,NoBody2",77,530.1491979022708
R04,"NoNose,NoBody2",78,486.54032066597904
R04,"NoNose,NoBody2",79,527.913472399835
R04,"NoNose,NoBody2",80,518.0564646670302
R04,"NoNose,NoBody2",81,490.7243665475469
R04,"NoNose,NoBody2",82,577.0847719085943
R04,"NoNose,NoBody2",83,601.8602726927733
R04,"NoNose,NoBody2",84,632.6572158409164
R04,"NoNose,NoBody2",85,611.5264121253338
R04,"NoNose,NoBody2",86,588.3978977192015
R04,"NoNose,NoBody2",87,608.5708620989246
R04,"NoNose,NoBody2",88,611.0166816320911
R04,"NoNose,NoBody2",89,603.4132567789159
R04,"NoNose,NoBody2",90,438.9004976605764
R04,"NoNose,NoBody2",91,525.8717277806941
R04,"NoNose,NoBody2",92,584.4005099461161
R04,"NoNose,NoBody2",93,567.1725336697062
R04,"NoNose,NoBody2",94,575.2026061197128
R04,"NoNose,NoBody2",95,602.253208418353
R04,"NoNose,NoBody2",96,630.2250983554541
R04,"NoNose,NoBody2",97,605.0624623665094
R04,"NoNose,NoBody2",98,615.1500486569879
R04,"NoNose,NoBody2",99,565.0214538753373
R04,"NoNose,NoBody2,NoBody1",0,242.9521629842778
R04,"NoNose,NoBody2,NoBody1",1,237.8758003579078
R04,"NoNose,NoBody2,NoBody1",2,204.48926192637956
R04,"NoNose,NoBody2,NoBody1",3,189.23487863529087
R04,"NoNose,NoBody2,NoBody1",4,240.48417428331058
R04,"NoNose,NoBody2,NoBody1",5,212.50065500637663
R04,"NoNose,NoBody2,NoBody1",6,197.30924007024205
R04,"NoNose,NoBody2,NoBody1",7,197.68891713897276
R04,"NoNose,NoBody2,NoBody1",8,187.24514680721578
R04,"NoNose,NoBody2,NoBody1",9,192.8543154201369
R04,"NoNose,NoBody2,NoBody1",10,162.27228582835264
R04,"NoNose,NoBody2,NoBody1",11,190.78345218206175
R04,"NoNose,NoBody2,NoBody1",12,168.48338243143584
R04,"NoNose,NoBody2,NoBody1",13,180.77015482633163
R04,"NoNose,NoBody2,NoBody1",14,187.1002321204572
R04,"NoNose,NoBody2,NoBody1",15,162.49524796191463
R04,"NoNose,NoBody2,NoBody1",16,177.06975373266351
R04,"NoNose,NoBody2,NoBody1",17,207.92709176331894
R04,"NoNose,NoBody2,NoBody1",18,179.32515962229127
R04,"NoNose,NoBody2,NoBody1",19,213.69190009869686
R04,"NoNose,NoBody2,NoBody1",20,169.91615288202564
R04,"NoNose,NoBody2,NoBody1",21,163.76004967717984
R04,"NoNose,NoBody2,NoBody1",22,163.68048512586125
R04,"NoNose,NoBody2,NoBody1",23,196.57798294030573
R04,"NoNose,NoBody2,NoBody1",24,179.77395121306412
R04,"NoNose,NoBody2,NoBody1",25,213.87713388864665
R04,"NoNose,NoBody2,NoBody1",26,179.0165174164843
R04,"NoNose,NoBody2,NoBody1",27,118.57441839910146
R04,"NoNose,NoBody2,NoBody1",28,169.56615583778077
R04,"NoNose,NoBody2,NoBody1",29,171.01626756679806
R04,"NoNose,NoBody2,NoBody1",30,184.77097377783434
R04,"NoNose,NoBody2,NoBody1",31,155.93051634573695
R04,"NoNose,NoBody2,NoBody1",32,160.7374172202575
R04,"NoNose,NoBody2,NoBody1",33,145.06877552457527
R04,"NoNose,NoBody2,NoBody1",34,169.4597583987786
R04,"NoNose,NoBody2,NoBody1",35,160.0632513520653
R04,"NoNose,NoBody2,NoBody1",36,154.76681877584514
R04,"NoNose,NoBody2,NoBody1",37,173.45581539181373
R04,"NoNose,NoBody2,NoBody1",38,191.28641761773017
R04,"NoNose,NoBody2,NoBody1",39,182.78251984560845
R04,"NoNose,NoBody2,NoBody1",40,225.16745528494977
R04,"NoNose,NoBody2,NoBody1",41,175.43618757962963
R04,"NoNose,NoBody2,NoBody1",42,233.03210737630928
R04,"NoNose,NoBody2,NoBody1",43,157.10433238125117
R04,"NoNose,NoBody2,NoBody1",44,179.79470507685625
R04,"NoNose,NoBody2,NoBody1",45,163.65833931979856
R04,"NoNose,NoBody2,NoBody1",46,201.92815138623445
R04,"NoNose,NoBody2,NoBody1",47,140.59666851647367
R04,"NoNose,NoBody2,NoBody1",48,180.43215780586715
R04,"NoNose,NoBody2,NoBody1",49,183.62792990483123
R04,"NoNose,NoBody2,NoBody1",50,206.29961310108027
R04,"NoNose,NoBody2,NoBody1",51,182.10865551715352
R04,"NoNose,NoBody2,NoBody1",52,193.05394947916704
R04,"NoNose,NoBody2,NoBody1",53,197.16704807924995
R04,"NoNose,NoBody2,NoBody1",54,166.9141276430487
R04,"NoNose,NoBody2,NoBody1",55,182.43850039673177
R04,"NoNose,NoBody2,NoBody1",56,162.53094515997742
R04,"NoNose,NoBody2,NoBody1",57,220.8602939304438
R04,"NoNose,NoBody2,NoBody1",58,187.63937658303743
R04,"NoNose,NoBody2,NoBody1",59,226.16735347112606
R04,"NoNose,NoBody2,NoBody1",60,188.94464255776825
R04,"NoNose,NoBody2,NoBody1",61,206.091763581092
R04,"NoNose,NoBody2,NoBody1",62,168.1791907005205
R04,"NoNose,NoBody2,NoBody1",63,197.4867820644934
R04,"NoNose,NoBody2,NoBody1",64,177.6343207920058
R04,"NoNose,NoBody2,NoBody1",65,264.0914436326201
R04,"NoNose,NoBody2,NoBody1",66,466.4665826214687
R04,"NoNose,NoBody2,NoBody1",67,518.4979460283046
R04,"NoNose,NoBody2,NoBody1",68,483.76138283586755
R04,"NoNose,NoBody2,NoBody1",69,400.9679600329837
R04,"NoNose,NoBody2,NoBody1",70,390.05370616004325
R04,"NoNose,NoBody2,NoBody1",71,200.88868063657864
R04,"NoNose,NoBody2,NoBody1",72,251.48897235204748
R04,"NoNose,NoBody2,NoBody1",73,178.23102891117207
R04,"NoNose,NoBody2,NoBody1",74,149.52865741593249
R04,"NoNose,NoBody2,NoBody1",75,70.57869865277075
R04,"NoNose,NoBody2,NoBody1",76,106.5823339443954
R04,"NoNose,NoBody2,NoBody1",77,108.3980039178949
R04,"NoNose,NoBody2,NoBody1",78,43.958809885269844
R04,"NoNose,NoBody2,NoBody1",79,248.88164419509377
R04,"NoNose,NoBody2,NoBody1",80,29.74706458379821
R04,"NoNose,NoBody2,NoBody1",81,94.16701000898148
R04,"NoNose,NoBody2,NoBody1",82,160.92656965127682
R04,"NoNose,NoBody2,NoBody1",83,135.2687261638253
R04,"NoNose,NoBody2,NoBody1",84,224.1400776633028
R04,"NoNose,NoBody2,NoBody1",85,218.54909730667
R04,"NoNose,NoBody2,NoBody1",86,136.49862943569178
R04,"NoNose,NoBody2,NoBody1",87,125.31984884783705
R04,"NoNose,NoBody2,NoBody1",88,145.08243825989035
R04,"NoNose,NoBody2,NoBody1",89,152.9865387751176
R04,"NoNose,NoBody2,NoBody1",90,73.59376467895234
R04,"NoNose,NoBody2,NoBody1",91,14.825589165911746
R04,"NoNose,NoBody2,NoBody1",92,97.61516945749426
R04,"NoNose,NoBody2,NoBody1",93,252.2071509942216
R04,"NoNose,NoBody2,NoBody1",94,95.0159550497704
R04,"NoNose,NoBody2,NoBody1",95,135.46856989073544
R04,"NoNose,NoBody2,NoBody1",96,117.32661603464457
R04,"NoNose,NoBody2,NoBody1",97,142.44947103141502
R04,"NoNose,NoBody2,NoBody1",98,81.6901115478849
R04,"NoNose,NoBody2,NoBody1",99,131.0378302999078
R04,Normal,0,38.442638812504896
R04,Normal,1,64.28854135698546
R04,Normal,2,79.21100801503455
R04,Normal,3,92.55787641553307
R04,Normal,4,74.02985351683087
R04,Normal,5,60.28366521314519
R04,Normal,6,71.70689709686471
R04,Normal,7,85.00648085373706
R04,Normal,8,59.96883505678463
R04,Normal,9,67.76827369602675
R04,Normal,10,92.49995160232379
R04,Normal,11,74.99635830155621
R04,Normal,12,60.57914609625457
R04,Normal,13,60.42726502246941
R04,Normal,14,61.70655914361734
R04,Normal,15,58.86711916864401
R04,Normal,16,71.48689715851759
R04,Normal,17,62.34040860366407
R04,Normal,18,67.99271006055191
R04,Normal,19,80.9298591032856
R04,Normal,20,67.64215632465404
R04,Normal,21,53.07871018867973
R04,Normal,22,76.95403694381726
R04,Normal,23,70.64500488087927
R04,Normal,24,66.09514999662167
R04,Normal,25,63.34053965903175
R04,Normal,26,65.54309064962568
R04,Normal,27,68.98105373008042
R04,Normal,28,48.96090329563633
R04,Normal,29,76.20662245172814
R04,Normal,30,55.31050003765521
R04,Normal,31,66.66776254669747
R04,Normal,32,77.05011928015266
R04,Normal,33,64.70028265537464
R04,Normal,34,71.14084671744804
R04,Normal,35,59.50311748210803
R04,Normal,36,80.32340317994178
R04,Normal,37,82.14829758891912
R04,Normal,38,102.98819822162424
R04,Normal,39,74.58540542866876
R04,Normal,40,65.30725781796416
R04,Normal,41,51.076251060854325
R04,Normal,42,90.79478665207496
R04,Normal,43,61.270602257698215
R04,Normal,44,74.24201876806623
R04,Normal,45,76.53176710947236
R04,Normal,46,79.45635591046
R04,Normal,47,69.49883190436583
R04,Normal,48,67.31046353422836
R04,Normal,49,73.45786125787843
R04,Normal,50,64.26628976805561
R04,Normal,51,65.57228066103961
R04,Normal,52,50.6609761822475
R04,Normal,53,64.82144544917533
R04,Normal,54,66.23515237749118
R04,Normal,55,85.09858399593755
R04,Normal,56,73.62533379590991
R04,Normal,57,67.92096849620255
R04,Normal,58,61.54580318080599
R04,Normal,59,75.27064212902644
R04,Normal,60,72.36745978134743
R04,Normal,61,62.78916704497211
R04,Normal,62,83.4771927029607
R04,Normal,63,66.53916377728484
R04,Normal,64,77.50878784147831
R04,Normal,65,97.57765230026075
R04,Normal,66,242.22347533891147
R04,Normal,67,335.05034025729475
R04,Normal,68,255.76676661893447
R04,Normal,69,388.6355487573369
R04,Normal,70,176.4895556493937
R04,Normal,71,77.13921264045709
R04,Normal,72,68.15970722553486
R04,Normal,73,85.38195302573533
R04,Normal,74,63.294422884208764
R04,Normal,75,70.46957980721449
R04,Normal,76,68.61389648550383
R04,Normal,77,88.096452969219
R04,Normal,78,62.43789146087301
R04,Normal,79,83.03710527102027
R04,Normal,80,95.89528715994929
R04,Normal,81,73.42232200619715
R04,Normal,82,70.16026709564464
R04,Normal,83,47.978047669359505
R04,Normal,84,81.41991442019741
R04,Normal,85,230.7831833505019
R04,Normal,86,130.0899293219927
R04,Normal,87,62.379563448015595
R04,Normal,88,90.24175470412956
R04,Normal,89,95.64046890273252
R04,Normal,90,73.00871917929065
R04,Normal,91,53.82689205359673
R04,Normal,92,76.70824059949967
R04,Normal,93,98.24568865263619
R04,Normal,94,62.05644050559234
R04,Normal,95,85.34752496364008
R04,Normal,96,59.70120267363038
R04,Normal,97,62.832291587630856
R04,Normal,98,72.35902728268552
R04,Normal,99,77.85960689829894
